{
  "project_info": {
    "project_number": "651625308594",
    "project_id": "bargainbay-797c5",
    "storage_bucket": "bargainbay-797c5.appspot.com"
  },
  "client": [
    {
      "client_info": {
        "mobilesdk_app_id": "1:651625308594:android:122443a2b8b32a014104ab",
        "android_client_info": {
          "package_name": "com.example.bargain_bay"
        }
      },
      "oauth_client": [
        {
          "client_id": "651625308594-r0evi03ppd3s45ubjidj996qho77j7mn.apps.googleusercontent.com",
          "client_type": 1,
          "android_info": {
            "package_name": "com.example.bargain_bay",
            "certificate_hash": "4b06ef5dc128a850cef33b8ce8823e24494c4397"
          }
        },
        {
          "client_id": "651625308594-a52he8m3gf72jt3v1csqmcs5e6bnl0mk.apps.googleusercontent.com",
          "client_type": 3
        }
      ],
      "api_key": [
        {
          "current_key": "AIzaSyCut0C0eHueayt4mQCj00xJvhUxlKF1rDQ"
        }
      ],
      "services": {
        "appinvite_service": {
          "other_platform_oauth_client": [
            {
              "client_id": "651625308594-a52he8m3gf72jt3v1csqmcs5e6bnl0mk.apps.googleusercontent.com",
              "client_type": 3
            },
            {
              "client_id": "651625308594-2mnuafitm7vmq4vhdt0930daf3h3l2mo.apps.googleusercontent.com",
              "client_type": 2,
              "ios_info": {
                "bundle_id": "com.example.bargainBay"
              }
            }
          ]
        }
      }
    },
    {
      "client_info": {
        "mobilesdk_app_id": "1:651625308594:android:3775bbdeeca188a94104ab",
        "android_client_info": {
          "package_name": "com.example.bb"
        }
      },
      "oauth_client": [
        {
          "client_id": "651625308594-a52he8m3gf72jt3v1csqmcs5e6bnl0mk.apps.googleusercontent.com",
          "client_type": 3
        }
      ],
      "api_key": [
        {
          "current_key": "AIzaSyCut0C0eHueayt4mQCj00xJvhUxlKF1rDQ"
        }
      ],
      "services": {
        "appinvite_service": {
          "other_platform_oauth_client": [
            {
              "client_id": "651625308594-a52he8m3gf72jt3v1csqmcs5e6bnl0mk.apps.googleusercontent.com",
              "client_type": 3
            },
            {
              "client_id": "651625308594-2mnuafitm7vmq4vhdt0930daf3h3l2mo.apps.googleusercontent.com",
              "client_type": 2,
              "ios_info": {
                "bundle_id": "com.example.bargainBay"
              }
            }
          ]
        }
      }
    }
  ],
  "configuration_version": "1"
}